-- Insert 5 roles
INSERT INTO Role (RoleId, Name, Description) VALUES
  (N'00000000-0000-0000-0000-000000000001', N'Staff', N'Nhân viên'),
  (N'00000000-0000-0000-0000-000000000002', N'Consultant', N'Tư vấn viên'),
  (N'00000000-0000-0000-0000-000000000003', N'Manager', N'Quản lý'),
  (N'00000000-0000-0000-0000-000000000004', N'Admin', N'Quản trị viên'),
  (N'00000000-0000-0000-0000-000000000005', N'Customer', N'Khách hàng');

-- Insert 5 accounts (mỗi account cho 1 role)
INSERT INTO Account (AccountId, RoleId, Email, Password, FirstName, LastName, Phone, avatarUrl, DateOfBirth, Gender, CreateAt)
VALUES 
  (N'10000000-0000-0000-0000-000000000001', N'00000000-0000-0000-0000-000000000001', N'staff1@email.com', N'hashedpassword', N'Le', N'Thi B', N'0987654321', NULL, '1985-05-10', 0, GETDATE()),
  (N'10000000-0000-0000-0000-000000000002', N'00000000-0000-0000-0000-000000000002', N'consultant1@email.com', N'hashedpassword', N'Pham', N'Van C', N'0911222333', NULL, '1992-03-15', 1, GETDATE()),
  (N'10000000-0000-0000-0000-000000000003', N'00000000-0000-0000-0000-000000000003', N'manager1@email.com', N'hashedpassword', N'Tran', N'Thi D', N'0933444555', NULL, '1980-07-20', 0, GETDATE()),
  (N'10000000-0000-0000-0000-000000000004', N'00000000-0000-0000-0000-000000000004', N'admin1@email.com', N'hashedpassword', N'Nguyen', N'Van E', N'0944555666', NULL, '1975-12-01', 1, GETDATE()),
  (N'10000000-0000-0000-0000-000000000005', N'00000000-0000-0000-0000-000000000005', N'customer1@email.com', N'hashedpassword', N'Hoang', N'Thi F', N'0955666777', NULL, '1995-09-09', 0, GETDATE()),
  (N'10000000-0000-0000-0000-000000000006', N'00000000-0000-0000-0000-000000000005', N'customer2@email.com', N'hashedpassword', N'Truong', N'Van G', N'0966777888', NULL, '1998-02-15', 1, GETDATE()),
  (N'10000000-0000-0000-0000-000000000007', N'00000000-0000-0000-0000-000000000005', N'customer3@email.com', N'hashedpassword', N'Phan', N'Thi H', N'0977888999', NULL, '1990-11-20', 0, GETDATE());

-- Insert 5 StaffInfo cho 5 account đầu (giả sử đều là staff/consultant/manager/admin/customer)
INSERT INTO StaffInfo (AccountId, Department, Degree, YearOfExperience, Biography,CreateAt)
VALUES 
  (N'10000000-0000-0000-0000-000000000001', N'Khoa X', N'Tiến sĩ', 10, N'Chuyên gia lĩnh vực X',GETDATE()),
  (N'10000000-0000-0000-0000-000000000002', N'Khoa Y', N'Thạc sĩ', 7, N'Chuyên gia lĩnh vực Y',GETDATE()),
  (N'10000000-0000-0000-0000-000000000003', N'Khoa Z', N'Cử nhân', 5, N'Chuyên gia lĩnh vực Z',GETDATE()),
  (N'10000000-0000-0000-0000-000000000004', N'Khoa Q', N'Tiến sĩ', 12, N'Quản lý cấp cao',GETDATE()),
  (N'10000000-0000-0000-0000-000000000005', N'Khoa W', N'Cử nhân', 3, N'Nhân viên mới',GETDATE());

-- Insert 5 TestService
INSERT INTO Service (ServiceId, ServiceName, Description, Price, ImageUrl, CreatedAt, Category)
VALUES 
  (N'20000000-0000-0000-0000-000000000001', N'Xét nghiệm máu', N'Kiểm tra các chỉ số máu cơ bản', 200000, NULL, GETDATE(), N'Xét nghiệm'),
  (N'20000000-0000-0000-0000-000000000002', N'Xét nghiệm nước tiểu', N'Kiểm tra chức năng thận', 150000, NULL, GETDATE(), N'Xét nghiệm'),
  (N'20000000-0000-0000-0000-000000000003', N'Chụp X-quang', N'Chẩn đoán hình ảnh', 300000, NULL, GETDATE(), N'Chẩn đoán'),
  (N'20000000-0000-0000-0000-000000000004', N'Siêu âm', N'Kiểm tra tổng quát', 250000, NULL, GETDATE(), N'Chẩn đoán'),
  (N'20000000-0000-0000-0000-000000000005', N'Khám tổng quát', N'Tư vấn sức khỏe', 100000, NULL, GETDATE(), N'Tư vấn'),
  (N'20000000-0000-0000-0000-000000000006', N'Xét nghiệm hormone', N'Kiểm tra nồng độ hormone', 350000, NULL, GETDATE(), N'Xét nghiệm'),
  (N'20000000-0000-0000-0000-000000000007', N'Xét nghiệm di truyền', N'Phân tích ADN', 500000, NULL, GETDATE(), N'Xét nghiệm'),
  (N'20000000-0000-0000-0000-000000000008', N'Đo mật độ xương', N'Kiểm tra sức khỏe xương', 280000, NULL, GETDATE(), N'Chẩn đoán');

-- Insert 10 Booking cho các account
INSERT INTO Booking (BookingId, AccountId, CreateAt, UpdateAt)
VALUES 
  -- Các booking đã có
  (N'30000000-0000-0000-0000-000000000001', N'10000000-0000-0000-0000-000000000001', DATEADD(DAY, -15, GETDATE()), NULL),
  (N'30000000-0000-0000-0000-000000000002', N'10000000-0000-0000-0000-000000000002', DATEADD(DAY, -12, GETDATE()), NULL),
  (N'30000000-0000-0000-0000-000000000003', N'10000000-0000-0000-0000-000000000003', DATEADD(DAY, -10, GETDATE()), NULL),
  (N'30000000-0000-0000-0000-000000000004', N'10000000-0000-0000-0000-000000000004', DATEADD(DAY, -8, GETDATE()), NULL),
  (N'30000000-0000-0000-0000-000000000005', N'10000000-0000-0000-0000-000000000005', DATEADD(DAY, -5, GETDATE()), NULL),
  -- Thêm booking mới
  (N'30000000-0000-0000-0000-000000000006', N'10000000-0000-0000-0000-000000000006', DATEADD(DAY, -3, GETDATE()), NULL),
  (N'30000000-0000-0000-0000-000000000007', N'10000000-0000-0000-0000-000000000007', DATEADD(DAY, -2, GETDATE()), NULL),
  (N'30000000-0000-0000-0000-000000000008', N'10000000-0000-0000-0000-000000000005', DATEADD(DAY, -1, GETDATE()), NULL),
  (N'30000000-0000-0000-0000-000000000009', N'10000000-0000-0000-0000-000000000006', GETDATE(), NULL),
  (N'30000000-0000-0000-0000-000000000010', N'10000000-0000-0000-0000-000000000007', GETDATE(), NULL);

-- Insert 10 PaymentHistory cho 10 Booking
INSERT INTO PaymentHistory (BookingId, TransactionId, CreatedAt, Amount, ExpiredAt, PaymentMethod, IsPaid, PaymentDate)
VALUES 
  -- Các payment đã có
  (N'30000000-0000-0000-0000-000000000001', N'50000000-0000-0000-0000-000000000001', DATEADD(DAY, -15, GETDATE()), 200000, NULL, N'Tiền mặt', 1, DATEADD(DAY, -15, GETDATE())),
  (N'30000000-0000-0000-0000-000000000002', N'50000000-0000-0000-0000-000000000002', DATEADD(DAY, -12, GETDATE()), 150000, NULL, N'Chuyển khoản', 1, DATEADD(DAY, -12, GETDATE())),
  (N'30000000-0000-0000-0000-000000000003', N'50000000-0000-0000-0000-000000000003', DATEADD(DAY, -10, GETDATE()), 300000, NULL, N'Thẻ tín dụng', 1, DATEADD(DAY, -10, GETDATE())),
  (N'30000000-0000-0000-0000-000000000004', N'50000000-0000-0000-0000-000000000004', DATEADD(DAY, -8, GETDATE()), 250000, NULL, N'Tiền mặt', 1, DATEADD(DAY, -8, GETDATE())),
  (N'30000000-0000-0000-0000-000000000005', N'50000000-0000-0000-0000-000000000005', DATEADD(DAY, -5, GETDATE()), 100000, NULL, N'Chuyển khoản', 1, DATEADD(DAY, -5, GETDATE())),
  -- Thêm payment mới
  (N'30000000-0000-0000-0000-000000000006', N'50000000-0000-0000-0000-000000000006', DATEADD(DAY, -3, GETDATE()), 350000, NULL, N'Thẻ tín dụng', 1, DATEADD(DAY, -3, GETDATE())),
  (N'30000000-0000-0000-0000-000000000007', N'50000000-0000-0000-0000-000000000007', DATEADD(DAY, -2, GETDATE()), 500000, NULL, N'Tiền mặt', 1, DATEADD(DAY, -2, GETDATE())),
  (N'30000000-0000-0000-0000-000000000008', N'50000000-0000-0000-0000-000000000008', DATEADD(DAY, -1, GETDATE()), 580000, NULL, N'Chuyển khoản', 1, DATEADD(DAY, -1, GETDATE())),
  (N'30000000-0000-0000-0000-000000000009', N'50000000-0000-0000-0000-000000000009', GETDATE(), 700000, NULL, N'Thẻ tín dụng', 0, NULL),
  (N'30000000-0000-0000-0000-000000000010', N'50000000-0000-0000-0000-000000000010', GETDATE(), 450000, NULL, N'Chuyển khoản', 0, NULL);

-- Insert 15 BookingDetail cho 10 Booking và 8 TestService
INSERT INTO BookingDetail (BookingDetailId, BookingId, ServiceId, FirstName, LastName, Phone, DateOfBirth, Gender)
VALUES 
  -- Các booking detail đã có
  (N'60000000-0000-0000-0000-000000000001', N'30000000-0000-0000-0000-000000000001', N'20000000-0000-0000-0000-000000000001', N'Le', N'Thi B', N'0987654321', '1985-05-10', 0),
  (N'60000000-0000-0000-0000-000000000002', N'30000000-0000-0000-0000-000000000002', N'20000000-0000-0000-0000-000000000002', N'Pham', N'Van C', N'0911222333', '1992-03-15', 1),
  (N'60000000-0000-0000-0000-000000000003', N'30000000-0000-0000-0000-000000000003', N'20000000-0000-0000-0000-000000000003', N'Tran', N'Thi D', N'0933444555', '1980-07-20', 0),
  (N'60000000-0000-0000-0000-000000000004', N'30000000-0000-0000-0000-000000000004', N'20000000-0000-0000-0000-000000000004', N'Nguyen', N'Van E', N'0944555666', '1975-12-01', 1),
  (N'60000000-0000-0000-0000-000000000005', N'30000000-0000-0000-0000-000000000005', N'20000000-0000-0000-0000-000000000005', N'Hoang', N'Thi F', N'0955666777', '1995-09-09', 0),
  -- Thêm booking detail mới
  -- Booking 6 có 2 dịch vụ
  (N'60000000-0000-0000-0000-000000000006', N'30000000-0000-0000-0000-000000000006', N'20000000-0000-0000-0000-000000000006', N'Truong', N'Van G', N'0966777888', '1998-02-15', 1),
  (N'60000000-0000-0000-0000-000000000007', N'30000000-0000-0000-0000-000000000006', N'20000000-0000-0000-0000-000000000001', N'Truong', N'Van G', N'0966777888', '1998-02-15', 1),
  -- Booking 7 có 1 dịch vụ
  (N'60000000-0000-0000-0000-000000000008', N'30000000-0000-0000-0000-000000000007', N'20000000-0000-0000-0000-000000000007', N'Phan', N'Thi H', N'0977888999', '1990-11-20', 0),
  -- Booking 8 có 2 dịch vụ
  (N'60000000-0000-0000-0000-000000000009', N'30000000-0000-0000-0000-000000000008', N'20000000-0000-0000-0000-000000000008', N'Hoang', N'Thi F', N'0955666777', '1995-09-09', 0),
  (N'60000000-0000-0000-0000-000000000010', N'30000000-0000-0000-0000-000000000008', N'20000000-0000-0000-0000-000000000004', N'Hoang', N'Thi F', N'0955666777', '1995-09-09', 0),
  -- Booking 9 có 3 dịch vụ
  (N'60000000-0000-0000-0000-000000000011', N'30000000-0000-0000-0000-000000000009', N'20000000-0000-0000-0000-000000000001', N'Truong', N'Van G', N'0966777888', '1998-02-15', 1),
  (N'60000000-0000-0000-0000-000000000012', N'30000000-0000-0000-0000-000000000009', N'20000000-0000-0000-0000-000000000002', N'Truong', N'Van G', N'0966777888', '1998-02-15', 1),
  (N'60000000-0000-0000-0000-000000000013', N'30000000-0000-0000-0000-000000000009', N'20000000-0000-0000-0000-000000000003', N'Truong', N'Van G', N'0966777888', '1998-02-15', 1),
  -- Booking 10 có 2 dịch vụ
  (N'60000000-0000-0000-0000-000000000014', N'30000000-0000-0000-0000-000000000010', N'20000000-0000-0000-0000-000000000004', N'Phan', N'Thi H', N'0977888999', '1990-11-20', 0),
  (N'60000000-0000-0000-0000-000000000015', N'30000000-0000-0000-0000-000000000010', N'20000000-0000-0000-0000-000000000005', N'Phan', N'Thi H', N'0977888999', '1990-11-20', 0);

-- Insert 10 TestResult cho 10 BookingDetail đầu tiên (những bookings đã hoàn thành)
INSERT INTO TestResult (ResultId, BookingDetailId, ResultFilePath, Status, CreatedAt, UpdatedAt, Result)
VALUES 
  (N'70000000-0000-0000-0000-000000000001', N'60000000-0000-0000-0000-000000000001', N'/results/result1.pdf', 1, DATEADD(DAY, -14, GETDATE()), NULL, N'Kết quả bình thường'),
  (N'70000000-0000-0000-0000-000000000002', N'60000000-0000-0000-0000-000000000002', N'/results/result2.pdf', 1, DATEADD(DAY, -11, GETDATE()), NULL, N'Cần kiểm tra lại một số chỉ số'),
  (N'70000000-0000-0000-0000-000000000003', N'60000000-0000-0000-0000-000000000003', N'/results/result3.pdf', 1, DATEADD(DAY, -9, GETDATE()), NULL, N'Kết quả bình thường'),
  (N'70000000-0000-0000-0000-000000000004', N'60000000-0000-0000-0000-000000000004', N'/results/result4.pdf', 1, DATEADD(DAY, -7, GETDATE()), NULL, N'Cần tư vấn thêm'),
  (N'70000000-0000-0000-0000-000000000005', N'60000000-0000-0000-0000-000000000005', N'/results/result5.pdf', 1, DATEADD(DAY, -4, GETDATE()), NULL, N'Kết quả tốt'),
  (N'70000000-0000-0000-0000-000000000006', N'60000000-0000-0000-0000-000000000006', N'/results/result6.pdf', 1, DATEADD(DAY, -2, GETDATE()), NULL, N'Hormone trong giới hạn cho phép'),
  (N'70000000-0000-0000-0000-000000000007', N'60000000-0000-0000-0000-000000000007', N'/results/result7.pdf', 1, DATEADD(DAY, -2, GETDATE()), NULL, N'Cần xem xét bổ sung sắt'),
  (N'70000000-0000-0000-0000-000000000008', N'60000000-0000-0000-0000-000000000008', N'/results/result8.pdf', 1, DATEADD(DAY, -1, GETDATE()), NULL, N'Kết quả bình thường'),
  (N'70000000-0000-0000-0000-000000000009', N'60000000-0000-0000-0000-000000000009', N'/results/result9.pdf', 1, DATEADD(DAY, -1, GETDATE()), NULL, N'Mật độ xương tốt'),
  (N'70000000-0000-0000-0000-000000000010', N'60000000-0000-0000-0000-000000000010', N'/results/result10.pdf', 1, DATEADD(DAY, -1, GETDATE()), NULL, N'Cần tái khám sau 3 tháng');

-- Insert 5 Feedback cho 5 TestService và 5 Account
INSERT INTO Feedback (FeedbackId, ServiceId, AccountId, Detail, Rating, CreatedAt)
VALUES 
  (N'80000000-0000-0000-0000-000000000001', N'20000000-0000-0000-0000-000000000001', N'10000000-0000-0000-0000-000000000001', N'Dịch vụ tốt', 5, GETDATE()),
  (N'80000000-0000-0000-0000-000000000002', N'20000000-0000-0000-0000-000000000002', N'10000000-0000-0000-0000-000000000002', N'Rất hài lòng', 4, GETDATE()),
  (N'80000000-0000-0000-0000-000000000003', N'20000000-0000-0000-0000-000000000003', N'10000000-0000-0000-0000-000000000003', N'Bình thường', 3, GETDATE()),
  (N'80000000-0000-0000-0000-000000000004', N'20000000-0000-0000-0000-000000000004', N'10000000-0000-0000-0000-000000000004', N'Chưa hài lòng', 2, GETDATE()),
  (N'80000000-0000-0000-0000-000000000005', N'20000000-0000-0000-0000-000000000005', N'10000000-0000-0000-0000-000000000005', N'Xuất sắc', 5, GETDATE());