-- Insert 5 roles
INSERT INTO Role (RoleId, Name, Description) VALUES
  (N'00000000-0000-0000-0000-000000000001', N'Staff', N'Nhân viên'),
  (N'00000000-0000-0000-0000-000000000002', N'Consultant', N'Tư vấn viên'),
  (N'00000000-0000-0000-0000-000000000003', N'Manager', N'Quản lý'),
  (N'00000000-0000-0000-0000-000000000004', N'Admin', N'Quản trị viên'),
  (N'00000000-0000-0000-0000-000000000005', N'Customer', N'Khách hàng');

-- Insert 5 accounts (mỗi account cho 1 role)
INSERT INTO Account (AccountId, RoleId, Email, Password, FirstName, LastName, Phone, avatarUrl, DateOfBirth, Gender, IsDeleted, CreateAt)
VALUES 
  (N'10000000-0000-0000-0000-000000000001', N'00000000-0000-0000-0000-000000000001', N'staff1@email.com', N'hashedpassword', N'Le', N'Thi B', N'0987654321', NULL, '1985-05-10', 0, 0, GETDATE()),
  (N'10000000-0000-0000-0000-000000000002', N'00000000-0000-0000-0000-000000000002', N'consultant1@email.com', N'hashedpassword', N'Pham', N'Van C', N'0911222333', NULL, '1992-03-15', 1, 0, GETDATE()),
  (N'10000000-0000-0000-0000-000000000003', N'00000000-0000-0000-0000-000000000003', N'manager1@email.com', N'hashedpassword', N'Tran', N'Thi D', N'0933444555', NULL, '1980-07-20', 0, 0, GETDATE()),
  (N'10000000-0000-0000-0000-000000000004', N'00000000-0000-0000-0000-000000000004', N'admin1@email.com', N'hashedpassword', N'Nguyen', N'Van E', N'0944555666', NULL, '1975-12-01', 1, 0, GETDATE()),
  (N'10000000-0000-0000-0000-000000000005', N'00000000-0000-0000-0000-000000000005', N'customer1@email.com', N'hashedpassword', N'Hoang', N'Thi F', N'0955666777', NULL, '1995-09-09', 0, 0, GETDATE()),
  (N'10000000-0000-0000-0000-000000000006', N'00000000-0000-0000-0000-000000000005', N'customer2@email.com', N'hashedpassword', N'Truong', N'Van G', N'0966777888', NULL, '1998-02-15', 1, 0, GETDATE()),
  (N'10000000-0000-0000-0000-000000000007', N'00000000-0000-0000-0000-000000000005', N'customer3@email.com', N'hashedpassword', N'Phan', N'Thi H', N'0977888999', NULL, '1990-11-20', 0, 0, GETDATE());

-- Insert 5 StaffInfo cho 5 account đầu (giả sử đều là staff/consultant/manager/admin/customer)
INSERT INTO StaffInfo (AccountId, Department, Degree, YearOfExperience, Biography,CreateAt)
VALUES 
  (N'10000000-0000-0000-0000-000000000001', N'Khoa X', N'Tiến sĩ', 10, N'Chuyên gia lĩnh vực X',GETDATE()),
  (N'10000000-0000-0000-0000-000000000002', N'Khoa Y', N'Thạc sĩ', 7, N'Chuyên gia lĩnh vực Y',GETDATE()),
  (N'10000000-0000-0000-0000-000000000003', N'Khoa Z', N'Cử nhân', 5, N'Chuyên gia lĩnh vực Z',GETDATE()),
  (N'10000000-0000-0000-0000-000000000004', N'Khoa Q', N'Tiến sĩ', 12, N'Quản lý cấp cao',GETDATE()),
  (N'10000000-0000-0000-0000-000000000005', N'Khoa W', N'Cử nhân', 3, N'Nhân viên mới',GETDATE());

-- Insert 5 TestService
INSERT INTO TestService(ServiceId, ServiceName, Description, Price, ImageUrl, CreatedAt, Category, IsDeleted)
VALUES 
  (N'20000000-0000-0000-0000-000000000001', N'Xét nghiệm máu', N'Kiểm tra các chỉ số máu cơ bản', 200000, NULL, GETDATE(), N'Xét nghiệm', 0),
  (N'20000000-0000-0000-0000-000000000002', N'Xét nghiệm nước tiểu', N'Kiểm tra chức năng thận', 150000, NULL, GETDATE(), N'Xét nghiệm', 0),
  (N'20000000-0000-0000-0000-000000000003', N'Chụp X-quang', N'Chẩn đoán hình ảnh', 300000, NULL, GETDATE(), N'Chẩn đoán', 0),
  (N'20000000-0000-0000-0000-000000000004', N'Siêu âm', N'Kiểm tra tổng quát', 250000, NULL, GETDATE(), N'Chẩn đoán', 0),
  (N'20000000-0000-0000-0000-000000000005', N'Khám tổng quát', N'Tư vấn sức khỏe', 100000, NULL, GETDATE(), N'Tư vấn', 0),
  (N'20000000-0000-0000-0000-000000000006', N'Xét nghiệm hormone', N'Kiểm tra nồng độ hormone', 350000, NULL, GETDATE(), N'Xét nghiệm', 0),
  (N'20000000-0000-0000-0000-000000000007', N'Xét nghiệm di truyền', N'Phân tích ADN', 500000, NULL, GETDATE(), N'Xét nghiệm', 0),
  (N'20000000-0000-0000-0000-000000000008', N'Đo mật độ xương', N'Kiểm tra sức khỏe xương', 280000, NULL, GETDATE(), N'Chẩn đoán', 0);

-- Insert 10 ConsultationBooking (5 từ khách hàng đã đăng ký, 3 từ khách vãng lai)
INSERT INTO ConsultationBooking (BookingId, CustomerId, GuestName, GuestEmail, GuestPhone, StaffId, ScheduledAt, Status, Message, CreatedAt, UpdatedAt)
VALUES
  -- Booking từ khách hàng đã đăng ký (CustomerId có giá trị, thông tin guest là NULL)
  (N'40000000-0000-0000-0000-000000000001', N'10000000-0000-0000-0000-000000000005', NULL, NULL, NULL, N'10000000-0000-0000-0000-000000000002', DATEADD(DAY, 1, GETDATE()), N'confirmed', N'Tôi muốn tư vấn về vấn đề sức khỏe sinh sản', DATEADD(DAY, -5, GETDATE()), GETDATE()),
  (N'40000000-0000-0000-0000-000000000002', N'10000000-0000-0000-0000-000000000006', NULL, NULL, NULL, N'10000000-0000-0000-0000-000000000002', DATEADD(DAY, 2, GETDATE()), N'pending', N'Cần tư vấn về kết quả xét nghiệm', DATEADD(DAY, -3, GETDATE()), GETDATE()),
  (N'40000000-0000-0000-0000-000000000003', N'10000000-0000-0000-0000-000000000007', NULL, NULL, NULL, N'10000000-0000-0000-0000-000000000001', DATEADD(DAY, 3, GETDATE()), N'confirmed', N'Tôi muốn được tư vấn về kế hoạch hóa gia đình', DATEADD(DAY, -2, GETDATE()), GETDATE()),
  (N'40000000-0000-0000-0000-000000000004', N'10000000-0000-0000-0000-000000000005', NULL, NULL, NULL, N'10000000-0000-0000-0000-000000000003', DATEADD(DAY, 4, GETDATE()), N'pending', N'Tôi cần tư vấn về vấn đề sức khỏe tâm lý', DATEADD(DAY, -1, GETDATE()), GETDATE()),
  (N'40000000-0000-0000-0000-000000000005', N'10000000-0000-0000-0000-000000000006', NULL, NULL, NULL, N'10000000-0000-0000-0000-000000000001', DATEADD(DAY, 5, GETDATE()), N'cancelled', N'Tôi muốn được tư vấn về chế độ dinh dưỡng', GETDATE(), GETDATE()),
  
  -- Booking từ khách vãng lai (CustomerId là NULL, thông tin guest có giá trị)
  (N'40000000-0000-0000-0000-000000000006', NULL, N'Nguyễn Văn A', N'nguyenvana@email.com', N'0912345678', N'10000000-0000-0000-0000-000000000002', DATEADD(DAY, 2, GETDATE()), N'pending', N'Tôi muốn được tư vấn về vấn đề sức khỏe sinh sản', DATEADD(DAY, -1, GETDATE()), GETDATE()),
  (N'40000000-0000-0000-0000-000000000007', NULL, N'Trần Thị B', N'tranthib@email.com', N'0923456789', N'10000000-0000-0000-0000-000000000001', DATEADD(DAY, 3, GETDATE()), N'confirmed', N'Tôi cần được tư vấn về kết quả xét nghiệm', GETDATE(), GETDATE()),
  (N'40000000-0000-0000-0000-000000000008', NULL, N'Lê Văn C', N'levanc@email.com', N'0934567890', N'10000000-0000-0000-0000-000000000003', DATEADD(DAY, 4, GETDATE()), N'pending', N'Tôi muốn được tư vấn về vấn đề sức khỏe tâm lý', GETDATE(), GETDATE());

-- Insert 10 Booking cho các account
INSERT INTO Booking (BookingId, AccountId, CreateAt, UpdateAt)
VALUES 
  -- Các booking đã có
  (N'30000000-0000-0000-0000-000000000001', N'10000000-0000-0000-0000-000000000001', DATEADD(DAY, -15, GETDATE()), NULL),
  (N'30000000-0000-0000-0000-000000000002', N'10000000-0000-0000-0000-000000000002', DATEADD(DAY, -12, GETDATE()), NULL),
  (N'30000000-0000-0000-0000-000000000003', N'10000000-0000-0000-0000-000000000003', DATEADD(DAY, -10, GETDATE()), NULL),
  (N'30000000-0000-0000-0000-000000000004', N'10000000-0000-0000-0000-000000000004', DATEADD(DAY, -8, GETDATE()), NULL),
  (N'30000000-0000-0000-0000-000000000005', N'10000000-0000-0000-0000-000000000005', DATEADD(DAY, -5, GETDATE()), NULL),
  -- Thêm booking mới
  (N'30000000-0000-0000-0000-000000000006', N'10000000-0000-0000-0000-000000000006', DATEADD(DAY, -3, GETDATE()), NULL),
  (N'30000000-0000-0000-0000-000000000007', N'10000000-0000-0000-0000-000000000007', DATEADD(DAY, -2, GETDATE()), NULL),
  (N'30000000-0000-0000-0000-000000000008', N'10000000-0000-0000-0000-000000000005', DATEADD(DAY, -1, GETDATE()), NULL),
  (N'30000000-0000-0000-0000-000000000009', N'10000000-0000-0000-0000-000000000006', GETDATE(), NULL),
  (N'30000000-0000-0000-0000-000000000010', N'10000000-0000-0000-0000-000000000007', GETDATE(), NULL);

-- Insert 10 PaymentHistory cho 10 Booking
INSERT INTO Payment (BookingId, TransactionId, CreatedAt, Amount, PaymentMethod)
VALUES 
  -- Các payment đã có
  (N'30000000-0000-0000-0000-000000000001', N'50000000-0000-0000-0000-000000000001', DATEADD(DAY, -15, GETDATE()), 200000, 'VnPay'),
  (N'30000000-0000-0000-0000-000000000002', N'50000000-0000-0000-0000-000000000002', DATEADD(DAY, -12, GETDATE()), 150000, 'VnPay'),
  (N'30000000-0000-0000-0000-000000000003', N'50000000-0000-0000-0000-000000000003', DATEADD(DAY, -10, GETDATE()), 300000, 'VnPay'),
  (N'30000000-0000-0000-0000-000000000004', N'50000000-0000-0000-0000-000000000004', DATEADD(DAY, -8, GETDATE()), 250000, 'VnPay'),
  (N'30000000-0000-0000-0000-000000000005', N'50000000-0000-0000-0000-000000000005', DATEADD(DAY, -5, GETDATE()), 100000, 'VnPay'),
  -- Thêm payment mới
  (N'30000000-0000-0000-0000-000000000006', N'50000000-0000-0000-0000-000000000006', DATEADD(DAY, -3, GETDATE()), 350000, 'VnPay'),
  (N'30000000-0000-0000-0000-000000000007', N'50000000-0000-0000-0000-000000000007', DATEADD(DAY, -2, GETDATE()), 500000, 'VnPay'),
  (N'30000000-0000-0000-0000-000000000008', N'50000000-0000-0000-0000-000000000008', DATEADD(DAY, -1, GETDATE()), 580000, 'VnPay'),
  (N'30000000-0000-0000-0000-000000000009', N'50000000-0000-0000-0000-000000000009', GETDATE(), 700000, 'VnPay'),
  (N'30000000-0000-0000-0000-000000000010', N'50000000-0000-0000-0000-000000000010', GETDATE(), 450000, 'VnPay');

-- Insert 15 BookingDetail cho 10 Booking và 8 TestService
INSERT INTO BookingDetail (BookingDetailId, BookingId, ServiceId, FirstName, LastName, Phone, DateOfBirth, Gender)
VALUES 
  -- Các booking detail đã có
  (N'60000000-0000-0000-0000-000000000001', N'30000000-0000-0000-0000-000000000001', N'20000000-0000-0000-0000-000000000001', N'Le', N'Thi B', N'0987654321', '1985-05-10', 0),
  (N'60000000-0000-0000-0000-000000000002', N'30000000-0000-0000-0000-000000000002', N'20000000-0000-0000-0000-000000000002', N'Pham', N'Van C', N'0911222333', '1992-03-15', 1),
  (N'60000000-0000-0000-0000-000000000003', N'30000000-0000-0000-0000-000000000003', N'20000000-0000-0000-0000-000000000003', N'Tran', N'Thi D', N'0933444555', '1980-07-20', 0),
  (N'60000000-0000-0000-0000-000000000004', N'30000000-0000-0000-0000-000000000004', N'20000000-0000-0000-0000-000000000004', N'Nguyen', N'Van E', N'0944555666', '1975-12-01', 1),
  (N'60000000-0000-0000-0000-000000000005', N'30000000-0000-0000-0000-000000000005', N'20000000-0000-0000-0000-000000000005', N'Hoang', N'Thi F', N'0955666777', '1995-09-09', 0),
  -- Thêm booking detail mới
  -- Booking 6 có 2 dịch vụ
  (N'60000000-0000-0000-0000-000000000006', N'30000000-0000-0000-0000-000000000006', N'20000000-0000-0000-0000-000000000006', N'Truong', N'Van G', N'0966777888', '1998-02-15', 1),
  (N'60000000-0000-0000-0000-000000000007', N'30000000-0000-0000-0000-000000000006', N'20000000-0000-0000-0000-000000000001', N'Truong', N'Van G', N'0966777888', '1998-02-15', 1),
  -- Booking 7 có 1 dịch vụ
  (N'60000000-0000-0000-0000-000000000008', N'30000000-0000-0000-0000-000000000007', N'20000000-0000-0000-0000-000000000007', N'Phan', N'Thi H', N'0977888999', '1990-11-20', 0),
  -- Booking 8 có 2 dịch vụ
  (N'60000000-0000-0000-0000-000000000009', N'30000000-0000-0000-0000-000000000008', N'20000000-0000-0000-0000-000000000008', N'Hoang', N'Thi F', N'0955666777', '1995-09-09', 0),
  (N'60000000-0000-0000-0000-000000000010', N'30000000-0000-0000-0000-000000000008', N'20000000-0000-0000-0000-000000000004', N'Hoang', N'Thi F', N'0955666777', '1995-09-09', 0),
  -- Booking 9 có 3 dịch vụ
  (N'60000000-0000-0000-0000-000000000011', N'30000000-0000-0000-0000-000000000009', N'20000000-0000-0000-0000-000000000001', N'Truong', N'Van G', N'0966777888', '1998-02-15', 1),
  (N'60000000-0000-0000-0000-000000000012', N'30000000-0000-0000-0000-000000000009', N'20000000-0000-0000-0000-000000000002', N'Truong', N'Van G', N'0966777888', '1998-02-15', 1),
  (N'60000000-0000-0000-0000-000000000013', N'30000000-0000-0000-0000-000000000009', N'20000000-0000-0000-0000-000000000003', N'Truong', N'Van G', N'0966777888', '1998-02-15', 1),
  -- Booking 10 có 2 dịch vụ
  (N'60000000-0000-0000-0000-000000000014', N'30000000-0000-0000-0000-000000000010', N'20000000-0000-0000-0000-000000000004', N'Phan', N'Thi H', N'0977888999', '1990-11-20', 0),
  (N'60000000-0000-0000-0000-000000000015', N'30000000-0000-0000-0000-000000000010', N'20000000-0000-0000-0000-000000000005', N'Phan', N'Thi H', N'0977888999', '1990-11-20', 0);

-- Insert 10 TestResult cho 10 BookingDetail đầu tiên (những bookings đã hoàn thành)
INSERT INTO TestResult (ResultId, BookingDetailId, Result, Status, CreatedAt, UpdatedAt)
VALUES 
  -- BookingDetail 1 -> Booking 1 -> AccountId 1
  (N'70000000-0000-0000-0000-000000000001', N'60000000-0000-0000-0000-000000000001', N'Kết quả bình thường', 1, DATEADD(DAY, -14, GETDATE()), NULL),
  -- BookingDetail 2 -> Booking 2 -> AccountId 2
  (N'70000000-0000-0000-0000-000000000002', N'60000000-0000-0000-0000-000000000002', N'Cần kiểm tra lại một số chỉ số', 1, DATEADD(DAY, -11, GETDATE()), NULL),
  -- BookingDetail 3 -> Booking 3 -> AccountId 3
  (N'70000000-0000-0000-0000-000000000003', N'60000000-0000-0000-0000-000000000003', N'Kết quả bình thường', 1, DATEADD(DAY, -9, GETDATE()), NULL),
  -- BookingDetail 4 -> Booking 4 -> AccountId 4
  (N'70000000-0000-0000-0000-000000000004', N'60000000-0000-0000-0000-000000000004', N'Cần tư vấn thêm', 1, DATEADD(DAY, -7, GETDATE()), NULL),
  -- BookingDetail 5 -> Booking 5 -> AccountId 5
  (N'70000000-0000-0000-0000-000000000005', N'60000000-0000-0000-0000-000000000005', N'Kết quả tốt', 1, DATEADD(DAY, -4, GETDATE()), NULL),
  -- BookingDetail 6 -> Booking 6 -> AccountId 6
  (N'70000000-0000-0000-0000-000000000006', N'60000000-0000-0000-0000-000000000006', N'Hormone trong giới hạn cho phép', 1, DATEADD(DAY, -2, GETDATE()), NULL),
  -- BookingDetail 7 -> Booking 6 -> AccountId 6
  (N'70000000-0000-0000-0000-000000000007', N'60000000-0000-0000-0000-000000000007', N'Cần xem xét bổ sung sắt', 1, DATEADD(DAY, -2, GETDATE()), NULL),
  -- BookingDetail 8 -> Booking 7 -> AccountId 7
  (N'70000000-0000-0000-0000-000000000008', N'60000000-0000-0000-0000-000000000008', N'Kết quả bình thường', 1, DATEADD(DAY, -1, GETDATE()), NULL),
  -- BookingDetail 9 -> Booking 8 -> AccountId 5
  (N'70000000-0000-0000-0000-000000000009', N'60000000-0000-0000-0000-000000000009', N'Mật độ xương tốt', 1, DATEADD(DAY, -1, GETDATE()), NULL),
  -- BookingDetail 10 -> Booking 8 -> AccountId 5
  (N'70000000-0000-0000-0000-000000000010', N'60000000-0000-0000-0000-000000000010', N'Cần tái khám sau 3 tháng', 1, DATEADD(DAY, -1, GETDATE()), NULL);

-- Insert 5 Feedback cho 5 TestService và 5 Account
INSERT INTO Feedback (FeedbackId, ServiceId, AccountId, Detail, Rating, CreatedAt)
VALUES 
  (N'80000000-0000-0000-0000-000000000001', N'20000000-0000-0000-0000-000000000001', N'10000000-0000-0000-0000-000000000001', N'Dịch vụ tốt', 5, GETDATE()),
  (N'80000000-0000-0000-0000-000000000002', N'20000000-0000-0000-0000-000000000002', N'10000000-0000-0000-0000-000000000002', N'Rất hài lòng', 4, GETDATE()),
  (N'80000000-0000-0000-0000-000000000003', N'20000000-0000-0000-0000-000000000003', N'10000000-0000-0000-0000-000000000003', N'Bình thường', 3, GETDATE()),
  (N'80000000-0000-0000-0000-000000000004', N'20000000-0000-0000-0000-000000000004', N'10000000-0000-0000-0000-000000000004', N'Chưa hài lòng', 2, GETDATE()),
  (N'80000000-0000-0000-0000-000000000005', N'20000000-0000-0000-0000-000000000005', N'10000000-0000-0000-0000-000000000005', N'Xuất sắc', 5, GETDATE());

-- Thêm dữ liệu mẫu cho BlogCategory
INSERT INTO BlogCategory (CategoryId, Name, Description, CreatedAt) VALUES
  (N'90000000-0000-0000-0000-000000000001', N'Sức khỏe sinh sản', N'Kiến thức về sức khỏe sinh sản', GETDATE()),
  (N'90000000-0000-0000-0000-000000000002', N'Dinh dưỡng', N'Chia sẻ về dinh dưỡng và ăn uống', GETDATE()),
  (N'90000000-0000-0000-0000-000000000003', N'Tâm lý', N'Bài viết về sức khỏe tâm lý', GETDATE());

-- Thêm dữ liệu mẫu cho Blog
INSERT INTO Blog (BlogId, Title, Slug, Content, Excerpt, AuthorId, CategoryId, FeaturedImageUrl, IsPublished, CreatedAt) VALUES
  (N'A0000000-0000-0000-0000-000000000001', N'Bí quyết chăm sóc sức khỏe sinh sản', N'bi-quyet-cham-soc-suc-khoe-sinh-san', N'Nội dung chi tiết về chăm sóc sức khỏe sinh sản...', N'Bài viết chia sẻ bí quyết...', N'10000000-0000-0000-0000-000000000002', N'90000000-0000-0000-0000-000000000001', NULL, 1, GETDATE()),
  (N'A0000000-0000-0000-0000-000000000002', N'Dinh dưỡng hợp lý cho mọi lứa tuổi', N'dinh-duong-hop-ly-cho-moi-lua-tuoi', N'Nội dung về dinh dưỡng...', N'Bài viết về dinh dưỡng...', N'10000000-0000-0000-0000-000000000003', N'90000000-0000-0000-0000-000000000002', NULL, 1, GETDATE()),
  (N'A0000000-0000-0000-0000-000000000003', N'Giữ gìn sức khỏe tâm lý', N'giu-gin-suc-khoe-tam-ly', N'Nội dung về sức khỏe tâm lý...', N'Bài viết về tâm lý...', N'10000000-0000-0000-0000-000000000004', N'90000000-0000-0000-0000-000000000003', NULL, 1, GETDATE());

-- Thêm dữ liệu mẫu cho RefreshToken
INSERT INTO RefreshToken (RefreshTokenId, Token, AccountId, ExpiryDate, CreatedAt, IsRevoked) VALUES
  (N'B0000000-0000-0000-0000-000000000001', N'refreshtoken1', N'10000000-0000-0000-0000-000000000001', DATEADD(DAY, 7, GETDATE()), GETDATE(), 0),
  (N'B0000000-0000-0000-0000-000000000002', N'refreshtoken2', N'10000000-0000-0000-0000-000000000002', DATEADD(DAY, 7, GETDATE()), GETDATE(), 0),
  (N'B0000000-0000-0000-0000-000000000003', N'refreshtoken3', N'10000000-0000-0000-0000-000000000003', DATEADD(DAY, 7, GETDATE()), GETDATE(), 0);