-- Insert 5 roles
INSERT INTO Role (RoleId, Name, Description) VALUES
  (N'00000000-0000-0000-0000-000000000001', N'Staff', N'Nhân viên'),
  (N'00000000-0000-0000-0000-000000000002', N'Consultant', N'Tư vấn viên'),
  (N'00000000-0000-0000-0000-000000000003', N'Manager', N'Quản lý'),
  (N'00000000-0000-0000-0000-000000000004', N'Admin', N'Quản trị viên'),
  (N'00000000-0000-0000-0000-000000000005', N'Customer', N'Khách hàng');

-- Insert 5 accounts (mỗi account cho 1 role)
INSERT INTO Account (AccountId, RoleId, Email, Password, FirstName, LastName, Phone, avatarUrl, DateOfBirth, Gender, CreateAt)
VALUES 
  (N'10000000-0000-0000-0000-000000000001', N'00000000-0000-0000-0000-000000000001', N'staff1@email.com', N'hashedpassword', N'Le', N'Thi B', N'0987654321', NULL, '1985-05-10', 0, GETDATE()),
  (N'10000000-0000-0000-0000-000000000002', N'00000000-0000-0000-0000-000000000002', N'consultant1@email.com', N'hashedpassword', N'Pham', N'Van C', N'0911222333', NULL, '1992-03-15', 1, GETDATE()),
  (N'10000000-0000-0000-0000-000000000003', N'00000000-0000-0000-0000-000000000003', N'manager1@email.com', N'hashedpassword', N'Tran', N'Thi D', N'0933444555', NULL, '1980-07-20', 0, GETDATE()),
  (N'10000000-0000-0000-0000-000000000004', N'00000000-0000-0000-0000-000000000004', N'admin1@email.com', N'hashedpassword', N'Nguyen', N'Van E', N'0944555666', NULL, '1975-12-01', 1, GETDATE()),
  (N'10000000-0000-0000-0000-000000000005', N'00000000-0000-0000-0000-000000000005', N'customer1@email.com', N'hashedpassword', N'Hoang', N'Thi F', N'0955666777', NULL, '1995-09-09', 0, GETDATE());

-- Insert 5 StaffInfo cho 5 account đầu (giả sử đều là staff/consultant/manager/admin/customer)
INSERT INTO StaffInfo (AccountId, DepartmentId, Degree, YearOfExperience, Biography)
VALUES 
  (N'10000000-0000-0000-0000-000000000001', N'Khoa X', N'Tiến sĩ', 10, N'Chuyên gia lĩnh vực X'),
  (N'10000000-0000-0000-0000-000000000002', N'Khoa Y', N'Thạc sĩ', 7, N'Chuyên gia lĩnh vực Y'),
  (N'10000000-0000-0000-0000-000000000003', N'Khoa Z', N'Cử nhân', 5, N'Chuyên gia lĩnh vực Z'),
  (N'10000000-0000-0000-0000-000000000004', N'Khoa Q', N'Tiến sĩ', 12, N'Quản lý cấp cao'),
  (N'10000000-0000-0000-0000-000000000005', N'Khoa W', N'Cử nhân', 3, N'Nhân viên mới');

-- Insert 5 TestService
INSERT INTO TestService (ServiceId, ServiceName, Description, Price, ImageUrl, CreatedAt, Category)
VALUES 
  (N'20000000-0000-0000-0000-000000000001', N'Xét nghiệm máu', N'Kiểm tra các chỉ số máu cơ bản', 200000, NULL, GETDATE(), N'Xét nghiệm'),
  (N'20000000-0000-0000-0000-000000000002', N'Xét nghiệm nước tiểu', N'Kiểm tra chức năng thận', 150000, NULL, GETDATE(), N'Xét nghiệm'),
  (N'20000000-0000-0000-0000-000000000003', N'Chụp X-quang', N'Chẩn đoán hình ảnh', 300000, NULL, GETDATE(), N'Chẩn đoán'),
  (N'20000000-0000-0000-0000-000000000004', N'Siêu âm', N'Kiểm tra tổng quát', 250000, NULL, GETDATE(), N'Chẩn đoán'),
  (N'20000000-0000-0000-0000-000000000005', N'Khám tổng quát', N'Tư vấn sức khỏe', 100000, NULL, GETDATE(), N'Tư vấn');

-- Insert 5 Booking cho 5 account
INSERT INTO Booking (BookingId, UserId, CreateAt, UpdateAt)
VALUES 
  (N'30000000-0000-0000-0000-000000000001', N'10000000-0000-0000-0000-000000000001', GETDATE(), NULL),
  (N'30000000-0000-0000-0000-000000000002', N'10000000-0000-0000-0000-000000000002', GETDATE(), NULL),
  (N'30000000-0000-0000-0000-000000000003', N'10000000-0000-0000-0000-000000000003', GETDATE(), NULL),
  (N'30000000-0000-0000-0000-000000000004', N'10000000-0000-0000-0000-000000000004', GETDATE(), NULL),
  (N'30000000-0000-0000-0000-000000000005', N'10000000-0000-0000-0000-000000000005', GETDATE(), NULL);

-- Insert 5 PaymentHistory cho 5 Booking
INSERT INTO PaymentHistory (BookingId, TransactionId, CreatedAt, Amount, ExpiredAt)
VALUES 
  (N'30000000-0000-0000-0000-000000000001', N'50000000-0000-0000-0000-000000000001', GETDATE(), 200000, NULL),
  (N'30000000-0000-0000-0000-000000000002', N'50000000-0000-0000-0000-000000000002', GETDATE(), 150000, NULL),
  (N'30000000-0000-0000-0000-000000000003', N'50000000-0000-0000-0000-000000000003', GETDATE(), 300000, NULL),
  (N'30000000-0000-0000-0000-000000000004', N'50000000-0000-0000-0000-000000000004', GETDATE(), 250000, NULL),
  (N'30000000-0000-0000-0000-000000000005', N'50000000-0000-0000-0000-000000000005', GETDATE(), 100000, NULL);

-- Insert 5 BookingDetail cho 5 Booking và 5 TestService
INSERT INTO BookingDetail (BookingDetailId, BookingId, ServiceId, FirstName, LastName, Phone, DateOfBirth, Gender)
VALUES 
  (N'60000000-0000-0000-0000-000000000001', N'30000000-0000-0000-0000-000000000001', N'20000000-0000-0000-0000-000000000001', N'Le', N'Thi B', N'0987654321', '1985-05-10', 0),
  (N'60000000-0000-0000-0000-000000000002', N'30000000-0000-0000-0000-000000000002', N'20000000-0000-0000-0000-000000000002', N'Pham', N'Van C', N'0911222333', '1992-03-15', 1),
  (N'60000000-0000-0000-0000-000000000003', N'30000000-0000-0000-0000-000000000003', N'20000000-0000-0000-0000-000000000003', N'Tran', N'Thi D', N'0933444555', '1980-07-20', 0),
  (N'60000000-0000-0000-0000-000000000004', N'30000000-0000-0000-0000-000000000004', N'20000000-0000-0000-0000-000000000004', N'Nguyen', N'Van E', N'0944555666', '1975-12-01', 1),
  (N'60000000-0000-0000-0000-000000000005', N'30000000-0000-0000-0000-000000000005', N'20000000-0000-0000-0000-000000000005', N'Hoang', N'Thi F', N'0955666777', '1995-09-09', 0);

-- Insert 5 TestResult cho 5 BookingDetail
INSERT INTO TestResult (ResultId, BookingDetailId, ResultFilePath, Status, CreatedAt, UpdatedAt)
VALUES 
  (N'70000000-0000-0000-0000-000000000001', N'60000000-0000-0000-0000-000000000001', N'/results/result1.pdf', 1, GETDATE(), NULL),
  (N'70000000-0000-0000-0000-000000000002', N'60000000-0000-0000-0000-000000000002', N'/results/result2.pdf', 1, GETDATE(), NULL),
  (N'70000000-0000-0000-0000-000000000003', N'60000000-0000-0000-0000-000000000003', N'/results/result3.pdf', 1, GETDATE(), NULL),
  (N'70000000-0000-0000-0000-000000000004', N'60000000-0000-0000-0000-000000000004', N'/results/result4.pdf', 1, GETDATE(), NULL),
  (N'70000000-0000-0000-0000-000000000005', N'60000000-0000-0000-0000-000000000005', N'/results/result5.pdf', 1, GETDATE(), NULL);

-- Insert 5 Feedback cho 5 TestService và 5 Account
INSERT INTO Feedback (FeedbackId, ServiceId, AccountId, Detail, Rating, CreatedAt)
VALUES 
  (N'80000000-0000-0000-0000-000000000001', N'20000000-0000-0000-0000-000000000001', N'10000000-0000-0000-0000-000000000001', N'Dịch vụ tốt', 5, GETDATE()),
  (N'80000000-0000-0000-0000-000000000002', N'20000000-0000-0000-0000-000000000002', N'10000000-0000-0000-0000-000000000002', N'Rất hài lòng', 4, GETDATE()),
  (N'80000000-0000-0000-0000-000000000003', N'20000000-0000-0000-0000-000000000003', N'10000000-0000-0000-0000-000000000003', N'Bình thường', 3, GETDATE()),
  (N'80000000-0000-0000-0000-000000000004', N'20000000-0000-0000-0000-000000000004', N'10000000-0000-0000-0000-000000000004', N'Chưa hài lòng', 2, GETDATE()),
  (N'80000000-0000-0000-0000-000000000005', N'20000000-0000-0000-0000-000000000005', N'10000000-0000-0000-0000-000000000005', N'Xuất sắc', 5, GETDATE());